experiment,case_id,valid,invalid_reason,gpu,compute_capability,driver,cuda_version,ptx_version,sm_clock_mhz,mem_clock_mhz,temperature_c,power_w,dtype,m,n,k,Q,iterations,run_order,repeat,collector_mode,operand_address_mode,independent_d_count,d_reuse_distance,commit_interval,pending_mbarriers,wait_polling_mode,smem_layout,swizzle,alignment_bytes,lda,ldb,smem_base_offset,tmem_columns,d_base_column,d_tile_base_delta,d_alias_class,input_d,interference_mode,interference_ops_per_iter,interference_warps,resident_ctas,elapsed_cycles,elapsed_us,elapsed_cycles_p10,elapsed_cycles_p90,alpha_cycles,beta_cycles_per_mma,logical_smem_bytes_per_mma,effective_smem_bytes_per_cycle,tflops,tflops_p10,tflops_p90,poll_count,max_abs_error,guard_ok,sass_hash,notes
05_ldshared_contention,ldcont_fp16_ld_shared_ops128,1,,NVIDIA Thor,11.0,580.00,13.0,PTX ISA 9.3 / CUDA 13.0,1575.000,,,,fp16,128,128,16,32,128,1,5,discard,same,4,4,32,1,nocount,sw128,sw128,16,16,16,0,512,0,128,none,0,ld_shared,128,4,20,64533067.0,40973.37587301587,64533056.2,64533081.0,,,8192,,1.0482336894355262,1.048233462028592,1.048233864863838,0,0.0,1,bf14b28d2af4128daa99f23eec8a5e105636d0b04136f8be580fdc39d6f1f97d,fixed active warp count; UTCHMMA=21;UTCHMMA_WS=16;UTCBAR=1;UTCATOMSWS=3;SYNCS_TRYWAIT=8;LDS=21;LDG=9;ptx_tcgen05_mma=21;ptx_tcgen05_mma_ws=16;ptx_tcgen05_commit=1;ptx_tcgen05_alloc=1;ptx_tcgen05_dealloc=1;ptx_tcgen05_ld=5;ptx_tcgen05_st=5;ptx_mbarrier_wait=5;ptx_cp_async_tma=2;ptx_ld_shared=26;ptx_ld_global=7
05_ldshared_contention,ldcont_bf16_predicated_off_load_ops32,1,,NVIDIA Thor,11.0,580.00,13.0,PTX ISA 9.3 / CUDA 13.0,1575.000,,,,bf16,128,128,16,32,128,2,5,discard,same,4,4,32,1,nocount,sw128,sw128,16,16,16,0,512,0,128,none,0,predicated_off_load,32,4,20,16674354.0,10586.891428571429,16673644.4,16674390.6,,,8192,,4.056872902662375,4.056863997898638,4.0570455571719055,0,0.0,1,bf14b28d2af4128daa99f23eec8a5e105636d0b04136f8be580fdc39d6f1f97d,fixed active warp count; UTCHMMA=21;UTCHMMA_WS=16;UTCBAR=1;UTCATOMSWS=3;SYNCS_TRYWAIT=8;LDS=21;LDG=9;ptx_tcgen05_mma=21;ptx_tcgen05_mma_ws=16;ptx_tcgen05_commit=1;ptx_tcgen05_alloc=1;ptx_tcgen05_dealloc=1;ptx_tcgen05_ld=5;ptx_tcgen05_st=5;ptx_mbarrier_wait=5;ptx_cp_async_tma=2;ptx_ld_shared=26;ptx_ld_global=7
05_ldshared_contention,ldcont_bf16_ld_shared_ops8,1,,NVIDIA Thor,11.0,580.00,13.0,PTX ISA 9.3 / CUDA 13.0,1575.000,,,,bf16,128,128,16,32,128,3,5,discard,same,4,4,32,1,nocount,sw128,sw128,16,16,16,0,512,0,128,none,0,ld_shared,8,4,20,8386319.0,5324.6469841269845,8386302.6,8386553.8,,,8192,,8.066201024788109,8.06597519791142,8.06621679880758,0,0.0,1,bf14b28d2af4128daa99f23eec8a5e105636d0b04136f8be580fdc39d6f1f97d,fixed active warp count; UTCHMMA=21;UTCHMMA_WS=16;UTCBAR=1;UTCATOMSWS=3;SYNCS_TRYWAIT=8;LDS=21;LDG=9;ptx_tcgen05_mma=21;ptx_tcgen05_mma_ws=16;ptx_tcgen05_commit=1;ptx_tcgen05_alloc=1;ptx_tcgen05_dealloc=1;ptx_tcgen05_ld=5;ptx_tcgen05_st=5;ptx_mbarrier_wait=5;ptx_cp_async_tma=2;ptx_ld_shared=26;ptx_ld_global=7
05_ldshared_contention,ldcont_bf16_ld_shared_ops0,1,,NVIDIA Thor,11.0,580.00,13.0,PTX ISA 9.3 / CUDA 13.0,1575.000,,,,bf16,128,128,16,32,128,4,5,discard,same,4,4,32,1,nocount,sw128,sw128,16,16,16,0,512,0,128,none,0,ld_shared,0,4,20,3976178.0,2524.55746031746,3976175.6,3976322.4,,,8192,,17.012753179560878,17.012135376812733,17.012763448378998,0,0.0,1,bf14b28d2af4128daa99f23eec8a5e105636d0b04136f8be580fdc39d6f1f97d,fixed active warp count; UTCHMMA=21;UTCHMMA_WS=16;UTCBAR=1;UTCATOMSWS=3;SYNCS_TRYWAIT=8;LDS=21;LDG=9;ptx_tcgen05_mma=21;ptx_tcgen05_mma_ws=16;ptx_tcgen05_commit=1;ptx_tcgen05_alloc=1;ptx_tcgen05_dealloc=1;ptx_tcgen05_ld=5;ptx_tcgen05_st=5;ptx_mbarrier_wait=5;ptx_cp_async_tma=2;ptx_ld_shared=26;ptx_ld_global=7
05_ldshared_contention,ldcont_bf16_register_alu_ops32,1,,NVIDIA Thor,11.0,580.00,13.0,PTX ISA 9.3 / CUDA 13.0,1575.000,,,,bf16,128,128,16,32,128,5,5,discard,same,4,4,32,1,nocount,sw128,sw128,16,16,16,0,512,0,128,none,0,register_alu,32,4,20,16050662.0,10190.896507936508,16050659.6,16050670.8,,,8192,,4.214513701179428,4.214511390515257,4.214514331361249,0,0.0,1,bf14b28d2af4128daa99f23eec8a5e105636d0b04136f8be580fdc39d6f1f97d,fixed active warp count; UTCHMMA=21;UTCHMMA_WS=16;UTCBAR=1;UTCATOMSWS=3;SYNCS_TRYWAIT=8;LDS=21;LDG=9;ptx_tcgen05_mma=21;ptx_tcgen05_mma_ws=16;ptx_tcgen05_commit=1;ptx_tcgen05_alloc=1;ptx_tcgen05_dealloc=1;ptx_tcgen05_ld=5;ptx_tcgen05_st=5;ptx_mbarrier_wait=5;ptx_cp_async_tma=2;ptx_ld_shared=26;ptx_ld_global=7
05_ldshared_contention,ldcont_fp16_ld_shared_ops8,1,,NVIDIA Thor,11.0,580.00,13.0,PTX ISA 9.3 / CUDA 13.0,1575.000,,,,fp16,128,128,16,32,128,6,5,discard,same,4,4,32,1,nocount,sw128,sw128,16,16,16,0,512,0,128,none,0,ld_shared,8,4,20,8386322.0,5324.648888888889,8386312.800000001,8386329.8,,,8192,,8.066198139303498,8.06619063705342,8.066206988130865,0,0.0,1,bf14b28d2af4128daa99f23eec8a5e105636d0b04136f8be580fdc39d6f1f97d,fixed active warp count; UTCHMMA=21;UTCHMMA_WS=16;UTCBAR=1;UTCATOMSWS=3;SYNCS_TRYWAIT=8;LDS=21;LDG=9;ptx_tcgen05_mma=21;ptx_tcgen05_mma_ws=16;ptx_tcgen05_commit=1;ptx_tcgen05_alloc=1;ptx_tcgen05_dealloc=1;ptx_tcgen05_ld=5;ptx_tcgen05_st=5;ptx_mbarrier_wait=5;ptx_cp_async_tma=2;ptx_ld_shared=26;ptx_ld_global=7
05_ldshared_contention,ldcont_bf16_predicated_off_load_ops128,1,,NVIDIA Thor,11.0,580.00,13.0,PTX ISA 9.3 / CUDA 13.0,1575.000,,,,bf16,128,128,16,32,128,7,5,discard,same,4,4,32,1,nocount,sw128,sw128,16,16,16,0,512,0,128,none,0,predicated_off_load,128,4,20,53038806.0,33675.43238095238,53038794.8,53038813.6,,,8192,,1.275400786963417,1.2754006042095933,1.2754010562849367,0,0.0,1,bf14b28d2af4128daa99f23eec8a5e105636d0b04136f8be580fdc39d6f1f97d,fixed active warp count; UTCHMMA=21;UTCHMMA_WS=16;UTCBAR=1;UTCATOMSWS=3;SYNCS_TRYWAIT=8;LDS=21;LDG=9;ptx_tcgen05_mma=21;ptx_tcgen05_mma_ws=16;ptx_tcgen05_commit=1;ptx_tcgen05_alloc=1;ptx_tcgen05_dealloc=1;ptx_tcgen05_ld=5;ptx_tcgen05_st=5;ptx_mbarrier_wait=5;ptx_cp_async_tma=2;ptx_ld_shared=26;ptx_ld_global=7
05_ldshared_contention,ldcont_bf16_register_alu_ops8,1,,NVIDIA Thor,11.0,580.00,13.0,PTX ISA 9.3 / CUDA 13.0,1575.000,,,,bf16,128,128,16,32,128,8,5,discard,same,4,4,32,1,nocount,sw128,sw128,16,16,16,0,512,0,128,none,0,register_alu,8,4,20,7461147.0,4737.23619047619,7461117.4,7461160.0,,,8192,,9.066398894432721,9.066383097535407,9.066434862961746,0,0.0,1,bf14b28d2af4128daa99f23eec8a5e105636d0b04136f8be580fdc39d6f1f97d,fixed active warp count; UTCHMMA=21;UTCHMMA_WS=16;UTCBAR=1;UTCATOMSWS=3;SYNCS_TRYWAIT=8;LDS=21;LDG=9;ptx_tcgen05_mma=21;ptx_tcgen05_mma_ws=16;ptx_tcgen05_commit=1;ptx_tcgen05_alloc=1;ptx_tcgen05_dealloc=1;ptx_tcgen05_ld=5;ptx_tcgen05_st=5;ptx_mbarrier_wait=5;ptx_cp_async_tma=2;ptx_ld_shared=26;ptx_ld_global=7
05_ldshared_contention,ldcont_bf16_l1_hit_global_ops32,1,,NVIDIA Thor,11.0,580.00,13.0,PTX ISA 9.3 / CUDA 13.0,1575.000,,,,bf16,128,128,16,32,128,9,5,discard,same,4,4,32,1,nocount,sw128,sw128,16,16,16,0,512,0,128,none,0,l1_hit_global,32,4,20,21852234.0,13874.434285714286,21851859.2,21852894.2,,,8192,,3.0955981393938945,3.095504617996343,3.095651234740054,0,0.0,1,bf14b28d2af4128daa99f23eec8a5e105636d0b04136f8be580fdc39d6f1f97d,fixed active warp count; UTCHMMA=21;UTCHMMA_WS=16;UTCBAR=1;UTCATOMSWS=3;SYNCS_TRYWAIT=8;LDS=21;LDG=9;ptx_tcgen05_mma=21;ptx_tcgen05_mma_ws=16;ptx_tcgen05_commit=1;ptx_tcgen05_alloc=1;ptx_tcgen05_dealloc=1;ptx_tcgen05_ld=5;ptx_tcgen05_st=5;ptx_mbarrier_wait=5;ptx_cp_async_tma=2;ptx_ld_shared=26;ptx_ld_global=7
05_ldshared_contention,ldcont_fp16_ld_shared_ops32,1,,NVIDIA Thor,11.0,580.00,13.0,PTX ISA 9.3 / CUDA 13.0,1575.000,,,,fp16,128,128,16,32,128,10,5,discard,same,4,4,32,1,nocount,sw128,sw128,16,16,16,0,512,0,128,none,0,ld_shared,32,4,20,19610138.0,12450.88126984127,19610121.8,19610149.0,,,8192,,3.4495287545656232,3.449526819607541,3.4495316042357373,0,0.0,1,bf14b28d2af4128daa99f23eec8a5e105636d0b04136f8be580fdc39d6f1f97d,fixed active warp count; UTCHMMA=21;UTCHMMA_WS=16;UTCBAR=1;UTCATOMSWS=3;SYNCS_TRYWAIT=8;LDS=21;LDG=9;ptx_tcgen05_mma=21;ptx_tcgen05_mma_ws=16;ptx_tcgen05_commit=1;ptx_tcgen05_alloc=1;ptx_tcgen05_dealloc=1;ptx_tcgen05_ld=5;ptx_tcgen05_st=5;ptx_mbarrier_wait=5;ptx_cp_async_tma=2;ptx_ld_shared=26;ptx_ld_global=7
05_ldshared_contention,ldcont_bf16_predicated_off_load_ops8,1,,NVIDIA Thor,11.0,580.00,13.0,PTX ISA 9.3 / CUDA 13.0,1575.000,,,,bf16,128,128,16,32,128,11,5,discard,same,4,4,32,1,nocount,sw128,sw128,16,16,16,0,512,0,128,none,0,predicated_off_load,8,4,20,7592021.0,4820.330793650794,7591233.2,7592033.4,,,8192,,8.910109035789022,8.910094482995188,8.911033769055907,0,0.0,1,bf14b28d2af4128daa99f23eec8a5e105636d0b04136f8be580fdc39d6f1f97d,fixed active warp count; UTCHMMA=21;UTCHMMA_WS=16;UTCBAR=1;UTCATOMSWS=3;SYNCS_TRYWAIT=8;LDS=21;LDG=9;ptx_tcgen05_mma=21;ptx_tcgen05_mma_ws=16;ptx_tcgen05_commit=1;ptx_tcgen05_alloc=1;ptx_tcgen05_dealloc=1;ptx_tcgen05_ld=5;ptx_tcgen05_st=5;ptx_mbarrier_wait=5;ptx_cp_async_tma=2;ptx_ld_shared=26;ptx_ld_global=7
05_ldshared_contention,ldcont_fp16_predicated_off_load_ops32,1,,NVIDIA Thor,11.0,580.00,13.0,PTX ISA 9.3 / CUDA 13.0,1575.000,,,,fp16,128,128,16,32,128,12,5,discard,same,4,4,32,1,nocount,sw128,sw128,16,16,16,0,512,0,128,none,0,predicated_off_load,32,4,20,16673996.0,10586.664126984128,16673391.0,16674376.8,,,8192,,4.056960005987767,4.056867355427576,4.0571072142436915,0,0.0,1,bf14b28d2af4128daa99f23eec8a5e105636d0b04136f8be580fdc39d6f1f97d,fixed active warp count; UTCHMMA=21;UTCHMMA_WS=16;UTCBAR=1;UTCATOMSWS=3;SYNCS_TRYWAIT=8;LDS=21;LDG=9;ptx_tcgen05_mma=21;ptx_tcgen05_mma_ws=16;ptx_tcgen05_commit=1;ptx_tcgen05_alloc=1;ptx_tcgen05_dealloc=1;ptx_tcgen05_ld=5;ptx_tcgen05_st=5;ptx_mbarrier_wait=5;ptx_cp_async_tma=2;ptx_ld_shared=26;ptx_ld_global=7
05_ldshared_contention,ldcont_bf16_ld_shared_ops128,1,,NVIDIA Thor,11.0,580.00,13.0,PTX ISA 9.3 / CUDA 13.0,1575.000,,,,bf16,128,128,16,32,128,13,5,discard,same,4,4,32,1,nocount,sw128,sw128,16,16,16,0,512,0,128,none,0,ld_shared,128,4,20,64533069.0,40973.37714285714,64533060.400000006,64533082.6,,,8192,,1.0482336569488118,1.0482334360392098,1.0482337966417052,0,0.0,1,bf14b28d2af4128daa99f23eec8a5e105636d0b04136f8be580fdc39d6f1f97d,fixed active warp count; UTCHMMA=21;UTCHMMA_WS=16;UTCBAR=1;UTCATOMSWS=3;SYNCS_TRYWAIT=8;LDS=21;LDG=9;ptx_tcgen05_mma=21;ptx_tcgen05_mma_ws=16;ptx_tcgen05_commit=1;ptx_tcgen05_alloc=1;ptx_tcgen05_dealloc=1;ptx_tcgen05_ld=5;ptx_tcgen05_st=5;ptx_mbarrier_wait=5;ptx_cp_async_tma=2;ptx_ld_shared=26;ptx_ld_global=7
05_ldshared_contention,ldcont_bf16_interference_only_ops0,1,,NVIDIA Thor,11.0,580.00,13.0,PTX ISA 9.3 / CUDA 13.0,1575.000,,,,bf16,128,128,16,32,128,14,5,discard,same,4,4,32,1,nocount,sw128,sw128,16,16,16,0,512,0,128,none,0,interference_only,0,4,20,3212295.0,2039.5523809523809,3212293.4,3212297.2,,,8192,,,,,0,0.0,1,bf14b28d2af4128daa99f23eec8a5e105636d0b04136f8be580fdc39d6f1f97d,fixed active warp count; UTCHMMA=21;UTCHMMA_WS=16;UTCBAR=1;UTCATOMSWS=3;SYNCS_TRYWAIT=8;LDS=21;LDG=9;ptx_tcgen05_mma=21;ptx_tcgen05_mma_ws=16;ptx_tcgen05_commit=1;ptx_tcgen05_alloc=1;ptx_tcgen05_dealloc=1;ptx_tcgen05_ld=5;ptx_tcgen05_st=5;ptx_mbarrier_wait=5;ptx_cp_async_tma=2;ptx_ld_shared=26;ptx_ld_global=7
05_ldshared_contention,ldcont_bf16_l1_hit_global_ops8,1,,NVIDIA Thor,11.0,580.00,13.0,PTX ISA 9.3 / CUDA 13.0,1575.000,,,,bf16,128,128,16,32,128,15,5,discard,same,4,4,32,1,nocount,sw128,sw128,16,16,16,0,512,0,128,none,0,l1_hit_global,8,4,20,8790737.0,5581.420317460318,8790612.0,8790873.2,,,8192,,7.695115314222232,7.694996091265149,7.695224736810239,0,0.0,1,bf14b28d2af4128daa99f23eec8a5e105636d0b04136f8be580fdc39d6f1f97d,fixed active warp count; UTCHMMA=21;UTCHMMA_WS=16;UTCBAR=1;UTCATOMSWS=3;SYNCS_TRYWAIT=8;LDS=21;LDG=9;ptx_tcgen05_mma=21;ptx_tcgen05_mma_ws=16;ptx_tcgen05_commit=1;ptx_tcgen05_alloc=1;ptx_tcgen05_dealloc=1;ptx_tcgen05_ld=5;ptx_tcgen05_st=5;ptx_mbarrier_wait=5;ptx_cp_async_tma=2;ptx_ld_shared=26;ptx_ld_global=7
05_ldshared_contention,ldcont_fp16_register_alu_ops32,1,,NVIDIA Thor,11.0,580.00,13.0,PTX ISA 9.3 / CUDA 13.0,1575.000,,,,fp16,128,128,16,32,128,16,5,discard,same,4,4,32,1,nocount,sw128,sw128,16,16,16,0,512,0,128,none,0,register_alu,32,4,20,16050676.0,10190.905396825397,16050664.6,16050686.6,,,8192,,4.214510025122929,4.214507241827279,4.214513018484154,0,0.0,1,bf14b28d2af4128daa99f23eec8a5e105636d0b04136f8be580fdc39d6f1f97d,fixed active warp count; UTCHMMA=21;UTCHMMA_WS=16;UTCBAR=1;UTCATOMSWS=3;SYNCS_TRYWAIT=8;LDS=21;LDG=9;ptx_tcgen05_mma=21;ptx_tcgen05_mma_ws=16;ptx_tcgen05_commit=1;ptx_tcgen05_alloc=1;ptx_tcgen05_dealloc=1;ptx_tcgen05_ld=5;ptx_tcgen05_st=5;ptx_mbarrier_wait=5;ptx_cp_async_tma=2;ptx_ld_shared=26;ptx_ld_global=7
05_ldshared_contention,ldcont_fp16_register_alu_ops0,1,,NVIDIA Thor,11.0,580.00,13.0,PTX ISA 9.3 / CUDA 13.0,1575.000,,,,fp16,128,128,16,32,128,17,5,discard,same,4,4,32,1,nocount,sw128,sw128,16,16,16,0,512,0,128,none,0,register_alu,0,4,20,3976177.0,2524.5568253968254,3976174.4,3976178.0,,,8192,,17.012757458231864,17.012753179560878,17.01276858278677,0,0.0,1,bf14b28d2af4128daa99f23eec8a5e105636d0b04136f8be580fdc39d6f1f97d,fixed active warp count; UTCHMMA=21;UTCHMMA_WS=16;UTCBAR=1;UTCATOMSWS=3;SYNCS_TRYWAIT=8;LDS=21;LDG=9;ptx_tcgen05_mma=21;ptx_tcgen05_mma_ws=16;ptx_tcgen05_commit=1;ptx_tcgen05_alloc=1;ptx_tcgen05_dealloc=1;ptx_tcgen05_ld=5;ptx_tcgen05_st=5;ptx_mbarrier_wait=5;ptx_cp_async_tma=2;ptx_ld_shared=26;ptx_ld_global=7
05_ldshared_contention,ldcont_bf16_predicated_off_load_ops0,1,,NVIDIA Thor,11.0,580.00,13.0,PTX ISA 9.3 / CUDA 13.0,1575.000,,,,bf16,128,128,16,32,128,18,5,discard,same,4,4,32,1,nocount,sw128,sw128,16,16,16,0,512,0,128,none,0,predicated_off_load,0,4,20,3976174.0,2524.5549206349206,3976174.0,3976177.0,,,8192,,17.012770294257745,17.012757458238323,17.012770294257745,0,0.0,1,bf14b28d2af4128daa99f23eec8a5e105636d0b04136f8be580fdc39d6f1f97d,fixed active warp count; UTCHMMA=21;UTCHMMA_WS=16;UTCBAR=1;UTCATOMSWS=3;SYNCS_TRYWAIT=8;LDS=21;LDG=9;ptx_tcgen05_mma=21;ptx_tcgen05_mma_ws=16;ptx_tcgen05_commit=1;ptx_tcgen05_alloc=1;ptx_tcgen05_dealloc=1;ptx_tcgen05_ld=5;ptx_tcgen05_st=5;ptx_mbarrier_wait=5;ptx_cp_async_tma=2;ptx_ld_shared=26;ptx_ld_global=7
05_ldshared_contention,ldcont_bf16_ld_shared_ops32,1,,NVIDIA Thor,11.0,580.00,13.0,PTX ISA 9.3 / CUDA 13.0,1575.000,,,,bf16,128,128,16,32,128,19,5,discard,same,4,4,32,1,nocount,sw128,sw128,16,16,16,0,512,0,128,none,0,ld_shared,32,4,20,19610152.0,12450.890158730159,19610140.8,19610161.0,,,8192,,3.4495262918920773,3.4495247087468695,3.4495282620306407,0,0.0,1,bf14b28d2af4128daa99f23eec8a5e105636d0b04136f8be580fdc39d6f1f97d,fixed active warp count; UTCHMMA=21;UTCHMMA_WS=16;UTCBAR=1;UTCATOMSWS=3;SYNCS_TRYWAIT=8;LDS=21;LDG=9;ptx_tcgen05_mma=21;ptx_tcgen05_mma_ws=16;ptx_tcgen05_commit=1;ptx_tcgen05_alloc=1;ptx_tcgen05_dealloc=1;ptx_tcgen05_ld=5;ptx_tcgen05_st=5;ptx_mbarrier_wait=5;ptx_cp_async_tma=2;ptx_ld_shared=26;ptx_ld_global=7
05_ldshared_contention,ldcont_fp16_l1_hit_global_ops128,1,,NVIDIA Thor,11.0,580.00,13.0,PTX ISA 9.3 / CUDA 13.0,1575.000,,,,fp16,128,128,16,32,128,20,5,discard,same,4,4,32,1,nocount,sw128,sw128,16,16,16,0,512,0,128,none,0,l1_hit_global,128,4,20,74097637.0,47046.11873015873,74096826.2,74098277.8,,,8192,,0.9129270196835022,0.9129191247148838,0.9129370093339773,0,0.0,1,bf14b28d2af4128daa99f23eec8a5e105636d0b04136f8be580fdc39d6f1f97d,fixed active warp count; UTCHMMA=21;UTCHMMA_WS=16;UTCBAR=1;UTCATOMSWS=3;SYNCS_TRYWAIT=8;LDS=21;LDG=9;ptx_tcgen05_mma=21;ptx_tcgen05_mma_ws=16;ptx_tcgen05_commit=1;ptx_tcgen05_alloc=1;ptx_tcgen05_dealloc=1;ptx_tcgen05_ld=5;ptx_tcgen05_st=5;ptx_mbarrier_wait=5;ptx_cp_async_tma=2;ptx_ld_shared=26;ptx_ld_global=7
05_ldshared_contention,ldcont_bf16_interference_only_ops8,1,,NVIDIA Thor,11.0,580.00,13.0,PTX ISA 9.3 / CUDA 13.0,1575.000,,,,bf16,128,128,16,32,128,21,5,discard,same,4,4,32,1,nocount,sw128,sw128,16,16,16,0,512,0,128,none,0,interference_only,8,4,20,7663542.0,4865.740952380952,7663494.199999999,7679318.6,,,8192,,,,,0,0.0,1,bf14b28d2af4128daa99f23eec8a5e105636d0b04136f8be580fdc39d6f1f97d,fixed active warp count; UTCHMMA=21;UTCHMMA_WS=16;UTCBAR=1;UTCATOMSWS=3;SYNCS_TRYWAIT=8;LDS=21;LDG=9;ptx_tcgen05_mma=21;ptx_tcgen05_mma_ws=16;ptx_tcgen05_commit=1;ptx_tcgen05_alloc=1;ptx_tcgen05_dealloc=1;ptx_tcgen05_ld=5;ptx_tcgen05_st=5;ptx_mbarrier_wait=5;ptx_cp_async_tma=2;ptx_ld_shared=26;ptx_ld_global=7
05_ldshared_contention,ldcont_bf16_l1_hit_global_ops128,1,,NVIDIA Thor,11.0,580.00,13.0,PTX ISA 9.3 / CUDA 13.0,1575.000,,,,bf16,128,128,16,32,128,22,5,discard,same,4,4,32,1,nocount,sw128,sw128,16,16,16,0,512,0,128,none,0,l1_hit_global,128,4,20,74097494.0,47046.02793650794,74097155.0,74098409.0,,,8192,,0.9129287815320718,0.9129175082828186,0.9129329582524482,0,0.0,1,bf14b28d2af4128daa99f23eec8a5e105636d0b04136f8be580fdc39d6f1f97d,fixed active warp count; UTCHMMA=21;UTCHMMA_WS=16;UTCBAR=1;UTCATOMSWS=3;SYNCS_TRYWAIT=8;LDS=21;LDG=9;ptx_tcgen05_mma=21;ptx_tcgen05_mma_ws=16;ptx_tcgen05_commit=1;ptx_tcgen05_alloc=1;ptx_tcgen05_dealloc=1;ptx_tcgen05_ld=5;ptx_tcgen05_st=5;ptx_mbarrier_wait=5;ptx_cp_async_tma=2;ptx_ld_shared=26;ptx_ld_global=7
05_ldshared_contention,ldcont_fp16_predicated_off_load_ops128,1,,NVIDIA Thor,11.0,580.00,13.0,PTX ISA 9.3 / CUDA 13.0,1575.000,,,,fp16,128,128,16,32,128,23,5,discard,same,4,4,32,1,nocount,sw128,sw128,16,16,16,0,512,0,128,none,0,predicated_off_load,128,4,20,53038796.0,33675.42603174603,53038794.0,53038816.599999994,,,8192,,1.275401027429054,1.2754005320700144,1.275401075522192,0,0.0,1,bf14b28d2af4128daa99f23eec8a5e105636d0b04136f8be580fdc39d6f1f97d,fixed active warp count; UTCHMMA=21;UTCHMMA_WS=16;UTCBAR=1;UTCATOMSWS=3;SYNCS_TRYWAIT=8;LDS=21;LDG=9;ptx_tcgen05_mma=21;ptx_tcgen05_mma_ws=16;ptx_tcgen05_commit=1;ptx_tcgen05_alloc=1;ptx_tcgen05_dealloc=1;ptx_tcgen05_ld=5;ptx_tcgen05_st=5;ptx_mbarrier_wait=5;ptx_cp_async_tma=2;ptx_ld_shared=26;ptx_ld_global=7
05_ldshared_contention,ldcont_fp16_interference_only_ops0,1,,NVIDIA Thor,11.0,580.00,13.0,PTX ISA 9.3 / CUDA 13.0,1575.000,,,,fp16,128,128,16,32,128,24,5,discard,same,4,4,32,1,nocount,sw128,sw128,16,16,16,0,512,0,128,none,0,interference_only,0,4,20,3212296.0,2039.553015873016,3212294.4,3212296.0,,,8192,,,,,0,0.0,1,bf14b28d2af4128daa99f23eec8a5e105636d0b04136f8be580fdc39d6f1f97d,fixed active warp count; UTCHMMA=21;UTCHMMA_WS=16;UTCBAR=1;UTCATOMSWS=3;SYNCS_TRYWAIT=8;LDS=21;LDG=9;ptx_tcgen05_mma=21;ptx_tcgen05_mma_ws=16;ptx_tcgen05_commit=1;ptx_tcgen05_alloc=1;ptx_tcgen05_dealloc=1;ptx_tcgen05_ld=5;ptx_tcgen05_st=5;ptx_mbarrier_wait=5;ptx_cp_async_tma=2;ptx_ld_shared=26;ptx_ld_global=7
05_ldshared_contention,ldcont_bf16_none_ops0,1,,NVIDIA Thor,11.0,580.00,13.0,PTX ISA 9.3 / CUDA 13.0,1575.000,,,,bf16,128,128,16,32,128,25,5,discard,same,4,4,32,1,nocount,sw128,sw128,16,16,16,0,512,0,128,none,0,none,0,4,20,3678969.0,2335.8533333333335,3678961.4000000004,3678989.2,,,8192,,18.387144580995383,18.38704362384613,18.387182565166682,0,0.0,1,bf14b28d2af4128daa99f23eec8a5e105636d0b04136f8be580fdc39d6f1f97d,fixed active warp count; UTCHMMA=21;UTCHMMA_WS=16;UTCBAR=1;UTCATOMSWS=3;SYNCS_TRYWAIT=8;LDS=21;LDG=9;ptx_tcgen05_mma=21;ptx_tcgen05_mma_ws=16;ptx_tcgen05_commit=1;ptx_tcgen05_alloc=1;ptx_tcgen05_dealloc=1;ptx_tcgen05_ld=5;ptx_tcgen05_st=5;ptx_mbarrier_wait=5;ptx_cp_async_tma=2;ptx_ld_shared=26;ptx_ld_global=7
05_ldshared_contention,ldcont_fp16_l1_hit_global_ops32,1,,NVIDIA Thor,11.0,580.00,13.0,PTX ISA 9.3 / CUDA 13.0,1575.000,,,,fp16,128,128,16,32,128,26,5,discard,same,4,4,32,1,nocount,sw128,sw128,16,16,16,0,512,0,128,none,0,l1_hit_global,32,4,20,21852846.0,13874.822857142857,21851793.0,21852954.4,,,8192,,3.0955114456030124,3.0954960905453506,3.095660613383731,0,0.0,1,bf14b28d2af4128daa99f23eec8a5e105636d0b04136f8be580fdc39d6f1f97d,fixed active warp count; UTCHMMA=21;UTCHMMA_WS=16;UTCBAR=1;UTCATOMSWS=3;SYNCS_TRYWAIT=8;LDS=21;LDG=9;ptx_tcgen05_mma=21;ptx_tcgen05_mma_ws=16;ptx_tcgen05_commit=1;ptx_tcgen05_alloc=1;ptx_tcgen05_dealloc=1;ptx_tcgen05_ld=5;ptx_tcgen05_st=5;ptx_mbarrier_wait=5;ptx_cp_async_tma=2;ptx_ld_shared=26;ptx_ld_global=7
05_ldshared_contention,ldcont_fp16_none_ops0,1,,NVIDIA Thor,11.0,580.00,13.0,PTX ISA 9.3 / CUDA 13.0,1575.000,,,,fp16,128,128,16,32,128,27,5,discard,same,4,4,32,1,nocount,sw128,sw128,16,16,16,0,512,0,128,none,0,none,0,4,20,3678995.0,2335.869841269841,3678974.5999999996,3678995.0,,,8192,,18.387014636334108,18.387014636334108,18.387116593033497,0,0.0,1,bf14b28d2af4128daa99f23eec8a5e105636d0b04136f8be580fdc39d6f1f97d,fixed active warp count; UTCHMMA=21;UTCHMMA_WS=16;UTCBAR=1;UTCATOMSWS=3;SYNCS_TRYWAIT=8;LDS=21;LDG=9;ptx_tcgen05_mma=21;ptx_tcgen05_mma_ws=16;ptx_tcgen05_commit=1;ptx_tcgen05_alloc=1;ptx_tcgen05_dealloc=1;ptx_tcgen05_ld=5;ptx_tcgen05_st=5;ptx_mbarrier_wait=5;ptx_cp_async_tma=2;ptx_ld_shared=26;ptx_ld_global=7
05_ldshared_contention,ldcont_bf16_interference_only_ops128,1,,NVIDIA Thor,11.0,580.00,13.0,PTX ISA 9.3 / CUDA 13.0,1575.000,,,,bf16,128,128,16,32,128,28,5,discard,same,4,4,32,1,nocount,sw128,sw128,16,16,16,0,512,0,128,none,0,interference_only,128,4,20,63821961.0,40521.880000000005,63819639.8,63835452.0,,,8192,,,,,0,0.0,1,bf14b28d2af4128daa99f23eec8a5e105636d0b04136f8be580fdc39d6f1f97d,fixed active warp count; UTCHMMA=21;UTCHMMA_WS=16;UTCBAR=1;UTCATOMSWS=3;SYNCS_TRYWAIT=8;LDS=21;LDG=9;ptx_tcgen05_mma=21;ptx_tcgen05_mma_ws=16;ptx_tcgen05_commit=1;ptx_tcgen05_alloc=1;ptx_tcgen05_dealloc=1;ptx_tcgen05_ld=5;ptx_tcgen05_st=5;ptx_mbarrier_wait=5;ptx_cp_async_tma=2;ptx_ld_shared=26;ptx_ld_global=7
05_ldshared_contention,ldcont_fp16_l1_hit_global_ops8,1,,NVIDIA Thor,11.0,580.00,13.0,PTX ISA 9.3 / CUDA 13.0,1575.000,,,,fp16,128,128,16,32,128,29,5,discard,same,4,4,32,1,nocount,sw128,sw128,16,16,16,0,512,0,128,none,0,l1_hit_global,8,4,20,8790655.0,5581.368253968254,8790557.4,8790728.2,,,8192,,7.695187094932061,7.695123017471198,7.695272533386613,0,0.0,1,bf14b28d2af4128daa99f23eec8a5e105636d0b04136f8be580fdc39d6f1f97d,fixed active warp count; UTCHMMA=21;UTCHMMA_WS=16;UTCBAR=1;UTCATOMSWS=3;SYNCS_TRYWAIT=8;LDS=21;LDG=9;ptx_tcgen05_mma=21;ptx_tcgen05_mma_ws=16;ptx_tcgen05_commit=1;ptx_tcgen05_alloc=1;ptx_tcgen05_dealloc=1;ptx_tcgen05_ld=5;ptx_tcgen05_st=5;ptx_mbarrier_wait=5;ptx_cp_async_tma=2;ptx_ld_shared=26;ptx_ld_global=7
05_ldshared_contention,ldcont_fp16_register_alu_ops8,1,,NVIDIA Thor,11.0,580.00,13.0,PTX ISA 9.3 / CUDA 13.0,1575.000,,,,fp16,128,128,16,32,128,30,5,discard,same,4,4,32,1,nocount,sw128,sw128,16,16,16,0,512,0,128,none,0,register_alu,8,4,20,7461123.0,4737.220952380952,7461118.0,7461187.8,,,8192,,9.066428058081874,9.066349316702308,9.066434133866705,0,0.0,1,bf14b28d2af4128daa99f23eec8a5e105636d0b04136f8be580fdc39d6f1f97d,fixed active warp count; UTCHMMA=21;UTCHMMA_WS=16;UTCBAR=1;UTCATOMSWS=3;SYNCS_TRYWAIT=8;LDS=21;LDG=9;ptx_tcgen05_mma=21;ptx_tcgen05_mma_ws=16;ptx_tcgen05_commit=1;ptx_tcgen05_alloc=1;ptx_tcgen05_dealloc=1;ptx_tcgen05_ld=5;ptx_tcgen05_st=5;ptx_mbarrier_wait=5;ptx_cp_async_tma=2;ptx_ld_shared=26;ptx_ld_global=7
05_ldshared_contention,ldcont_fp16_register_alu_ops128,1,,NVIDIA Thor,11.0,580.00,13.0,PTX ISA 9.3 / CUDA 13.0,1575.000,,,,fp16,128,128,16,32,128,31,5,discard,same,4,4,32,1,nocount,sw128,sw128,16,16,16,0,512,0,128,none,0,register_alu,128,4,20,50446521.0,32029.537142857138,50446495.8,50446551.2,,,8192,,1.3409395449093509,1.340938742151409,1.340940214761334,0,0.0,1,bf14b28d2af4128daa99f23eec8a5e105636d0b04136f8be580fdc39d6f1f97d,fixed active warp count; UTCHMMA=21;UTCHMMA_WS=16;UTCBAR=1;UTCATOMSWS=3;SYNCS_TRYWAIT=8;LDS=21;LDG=9;ptx_tcgen05_mma=21;ptx_tcgen05_mma_ws=16;ptx_tcgen05_commit=1;ptx_tcgen05_alloc=1;ptx_tcgen05_dealloc=1;ptx_tcgen05_ld=5;ptx_tcgen05_st=5;ptx_mbarrier_wait=5;ptx_cp_async_tma=2;ptx_ld_shared=26;ptx_ld_global=7
05_ldshared_contention,ldcont_fp16_predicated_off_load_ops8,1,,NVIDIA Thor,11.0,580.00,13.0,PTX ISA 9.3 / CUDA 13.0,1575.000,,,,fp16,128,128,16,32,128,32,5,discard,same,4,4,32,1,nocount,sw128,sw128,16,16,16,0,512,0,128,none,0,predicated_off_load,8,4,20,7592042.0,4820.344126984127,7592014.4,7592064.0,,,8192,,8.910084389944101,8.910058570667145,8.910116781663653,0,0.0,1,bf14b28d2af4128daa99f23eec8a5e105636d0b04136f8be580fdc39d6f1f97d,fixed active warp count; UTCHMMA=21;UTCHMMA_WS=16;UTCBAR=1;UTCATOMSWS=3;SYNCS_TRYWAIT=8;LDS=21;LDG=9;ptx_tcgen05_mma=21;ptx_tcgen05_mma_ws=16;ptx_tcgen05_commit=1;ptx_tcgen05_alloc=1;ptx_tcgen05_dealloc=1;ptx_tcgen05_ld=5;ptx_tcgen05_st=5;ptx_mbarrier_wait=5;ptx_cp_async_tma=2;ptx_ld_shared=26;ptx_ld_global=7
05_ldshared_contention,ldcont_fp16_ld_shared_ops0,1,,NVIDIA Thor,11.0,580.00,13.0,PTX ISA 9.3 / CUDA 13.0,1575.000,,,,fp16,128,128,16,32,128,33,5,discard,same,4,4,32,1,nocount,sw128,sw128,16,16,16,0,512,0,128,none,0,ld_shared,0,4,20,3976178.0,2524.55746031746,3976175.6,3976180.8,,,8192,,17.012753179560878,17.012741199295878,17.012763448378998,0,0.0,1,bf14b28d2af4128daa99f23eec8a5e105636d0b04136f8be580fdc39d6f1f97d,fixed active warp count; UTCHMMA=21;UTCHMMA_WS=16;UTCBAR=1;UTCATOMSWS=3;SYNCS_TRYWAIT=8;LDS=21;LDG=9;ptx_tcgen05_mma=21;ptx_tcgen05_mma_ws=16;ptx_tcgen05_commit=1;ptx_tcgen05_alloc=1;ptx_tcgen05_dealloc=1;ptx_tcgen05_ld=5;ptx_tcgen05_st=5;ptx_mbarrier_wait=5;ptx_cp_async_tma=2;ptx_ld_shared=26;ptx_ld_global=7
05_ldshared_contention,ldcont_bf16_l1_hit_global_ops0,1,,NVIDIA Thor,11.0,580.00,13.0,PTX ISA 9.3 / CUDA 13.0,1575.000,,,,bf16,128,128,16,32,128,34,5,discard,same,4,4,32,1,nocount,sw128,sw128,16,16,16,0,512,0,128,none,0,l1_hit_global,0,4,20,3976175.0,2524.5555555555557,3976173.0,3976323.0,,,8192,,17.0127660155803,17.01213280992131,17.012774572937346,0,0.0,1,bf14b28d2af4128daa99f23eec8a5e105636d0b04136f8be580fdc39d6f1f97d,fixed active warp count; UTCHMMA=21;UTCHMMA_WS=16;UTCBAR=1;UTCATOMSWS=3;SYNCS_TRYWAIT=8;LDS=21;LDG=9;ptx_tcgen05_mma=21;ptx_tcgen05_mma_ws=16;ptx_tcgen05_commit=1;ptx_tcgen05_alloc=1;ptx_tcgen05_dealloc=1;ptx_tcgen05_ld=5;ptx_tcgen05_st=5;ptx_mbarrier_wait=5;ptx_cp_async_tma=2;ptx_ld_shared=26;ptx_ld_global=7
05_ldshared_contention,ldcont_fp16_predicated_off_load_ops0,1,,NVIDIA Thor,11.0,580.00,13.0,PTX ISA 9.3 / CUDA 13.0,1575.000,,,,fp16,128,128,16,32,128,35,5,discard,same,4,4,32,1,nocount,sw128,sw128,16,16,16,0,512,0,128,none,0,predicated_off_load,0,4,20,3976174.0,2524.5549206349206,3976172.2,3976175.8,,,8192,,17.012770294257745,17.012762592642215,17.012777995884896,0,0.0,1,bf14b28d2af4128daa99f23eec8a5e105636d0b04136f8be580fdc39d6f1f97d,fixed active warp count; UTCHMMA=21;UTCHMMA_WS=16;UTCBAR=1;UTCATOMSWS=3;SYNCS_TRYWAIT=8;LDS=21;LDG=9;ptx_tcgen05_mma=21;ptx_tcgen05_mma_ws=16;ptx_tcgen05_commit=1;ptx_tcgen05_alloc=1;ptx_tcgen05_dealloc=1;ptx_tcgen05_ld=5;ptx_tcgen05_st=5;ptx_mbarrier_wait=5;ptx_cp_async_tma=2;ptx_ld_shared=26;ptx_ld_global=7
05_ldshared_contention,ldcont_fp16_interference_only_ops128,1,,NVIDIA Thor,11.0,580.00,13.0,PTX ISA 9.3 / CUDA 13.0,1575.000,,,,fp16,128,128,16,32,128,36,5,discard,same,4,4,32,1,nocount,sw128,sw128,16,16,16,0,512,0,128,none,0,interference_only,128,4,20,63821963.0,40521.88126984127,63819687.8,63835423.199999996,,,8192,,,,,0,0.0,1,bf14b28d2af4128daa99f23eec8a5e105636d0b04136f8be580fdc39d6f1f97d,fixed active warp count; UTCHMMA=21;UTCHMMA_WS=16;UTCBAR=1;UTCATOMSWS=3;SYNCS_TRYWAIT=8;LDS=21;LDG=9;ptx_tcgen05_mma=21;ptx_tcgen05_mma_ws=16;ptx_tcgen05_commit=1;ptx_tcgen05_alloc=1;ptx_tcgen05_dealloc=1;ptx_tcgen05_ld=5;ptx_tcgen05_st=5;ptx_mbarrier_wait=5;ptx_cp_async_tma=2;ptx_ld_shared=26;ptx_ld_global=7
05_ldshared_contention,ldcont_bf16_register_alu_ops128,1,,NVIDIA Thor,11.0,580.00,13.0,PTX ISA 9.3 / CUDA 13.0,1575.000,,,,bf16,128,128,16,32,128,37,5,discard,same,4,4,32,1,nocount,sw128,sw128,16,16,16,0,512,0,128,none,0,register_alu,128,4,20,50446534.0,32029.545396825397,50446525.0,50446644.400000006,,,8192,,1.3409391993511386,1.340936264774464,1.3409394385837312,0,0.0,1,bf14b28d2af4128daa99f23eec8a5e105636d0b04136f8be580fdc39d6f1f97d,fixed active warp count; UTCHMMA=21;UTCHMMA_WS=16;UTCBAR=1;UTCATOMSWS=3;SYNCS_TRYWAIT=8;LDS=21;LDG=9;ptx_tcgen05_mma=21;ptx_tcgen05_mma_ws=16;ptx_tcgen05_commit=1;ptx_tcgen05_alloc=1;ptx_tcgen05_dealloc=1;ptx_tcgen05_ld=5;ptx_tcgen05_st=5;ptx_mbarrier_wait=5;ptx_cp_async_tma=2;ptx_ld_shared=26;ptx_ld_global=7
05_ldshared_contention,ldcont_fp16_interference_only_ops8,1,,NVIDIA Thor,11.0,580.00,13.0,PTX ISA 9.3 / CUDA 13.0,1575.000,,,,fp16,128,128,16,32,128,38,5,discard,same,4,4,32,1,nocount,sw128,sw128,16,16,16,0,512,0,128,none,0,interference_only,8,4,20,7667210.0,4868.069841269841,7663478.600000001,7679287.8,,,8192,,,,,0,0.0,1,bf14b28d2af4128daa99f23eec8a5e105636d0b04136f8be580fdc39d6f1f97d,fixed active warp count; UTCHMMA=21;UTCHMMA_WS=16;UTCBAR=1;UTCATOMSWS=3;SYNCS_TRYWAIT=8;LDS=21;LDG=9;ptx_tcgen05_mma=21;ptx_tcgen05_mma_ws=16;ptx_tcgen05_commit=1;ptx_tcgen05_alloc=1;ptx_tcgen05_dealloc=1;ptx_tcgen05_ld=5;ptx_tcgen05_st=5;ptx_mbarrier_wait=5;ptx_cp_async_tma=2;ptx_ld_shared=26;ptx_ld_global=7
05_ldshared_contention,ldcont_fp16_interference_only_ops32,1,,NVIDIA Thor,11.0,580.00,13.0,PTX ISA 9.3 / CUDA 13.0,1575.000,,,,fp16,128,128,16,32,128,39,5,discard,same,4,4,32,1,nocount,sw128,sw128,16,16,16,0,512,0,128,none,0,interference_only,32,4,20,18898630.0,11999.130158730159,18894737.799999997,18906274.8,,,8192,,,,,0,0.0,1,bf14b28d2af4128daa99f23eec8a5e105636d0b04136f8be580fdc39d6f1f97d,fixed active warp count; UTCHMMA=21;UTCHMMA_WS=16;UTCBAR=1;UTCATOMSWS=3;SYNCS_TRYWAIT=8;LDS=21;LDG=9;ptx_tcgen05_mma=21;ptx_tcgen05_mma_ws=16;ptx_tcgen05_commit=1;ptx_tcgen05_alloc=1;ptx_tcgen05_dealloc=1;ptx_tcgen05_ld=5;ptx_tcgen05_st=5;ptx_mbarrier_wait=5;ptx_cp_async_tma=2;ptx_ld_shared=26;ptx_ld_global=7
05_ldshared_contention,ldcont_bf16_interference_only_ops32,1,,NVIDIA Thor,11.0,580.00,13.0,PTX ISA 9.3 / CUDA 13.0,1575.000,,,,bf16,128,128,16,32,128,40,5,discard,same,4,4,32,1,nocount,sw128,sw128,16,16,16,0,512,0,128,none,0,interference_only,32,4,20,18898633.0,11999.132063492063,18896320.6,18905851.4,,,8192,,,,,0,0.0,1,bf14b28d2af4128daa99f23eec8a5e105636d0b04136f8be580fdc39d6f1f97d,fixed active warp count; UTCHMMA=21;UTCHMMA_WS=16;UTCBAR=1;UTCATOMSWS=3;SYNCS_TRYWAIT=8;LDS=21;LDG=9;ptx_tcgen05_mma=21;ptx_tcgen05_mma_ws=16;ptx_tcgen05_commit=1;ptx_tcgen05_alloc=1;ptx_tcgen05_dealloc=1;ptx_tcgen05_ld=5;ptx_tcgen05_st=5;ptx_mbarrier_wait=5;ptx_cp_async_tma=2;ptx_ld_shared=26;ptx_ld_global=7
05_ldshared_contention,ldcont_bf16_register_alu_ops0,1,,NVIDIA Thor,11.0,580.00,13.0,PTX ISA 9.3 / CUDA 13.0,1575.000,,,,bf16,128,128,16,32,128,41,5,discard,same,4,4,32,1,nocount,sw128,sw128,16,16,16,0,512,0,128,none,0,register_alu,0,4,20,3976172.0,2524.553650793651,3976172.0,3976176.0,,,8192,,17.012778851619093,17.012761736911465,17.012778851619093,0,0.0,1,bf14b28d2af4128daa99f23eec8a5e105636d0b04136f8be580fdc39d6f1f97d,fixed active warp count; UTCHMMA=21;UTCHMMA_WS=16;UTCBAR=1;UTCATOMSWS=3;SYNCS_TRYWAIT=8;LDS=21;LDG=9;ptx_tcgen05_mma=21;ptx_tcgen05_mma_ws=16;ptx_tcgen05_commit=1;ptx_tcgen05_alloc=1;ptx_tcgen05_dealloc=1;ptx_tcgen05_ld=5;ptx_tcgen05_st=5;ptx_mbarrier_wait=5;ptx_cp_async_tma=2;ptx_ld_shared=26;ptx_ld_global=7
05_ldshared_contention,ldcont_fp16_l1_hit_global_ops0,1,,NVIDIA Thor,11.0,580.00,13.0,PTX ISA 9.3 / CUDA 13.0,1575.000,,,,fp16,128,128,16,32,128,42,5,discard,same,4,4,32,1,nocount,sw128,sw128,16,16,16,0,512,0,128,none,0,l1_hit_global,0,4,20,3976178.0,2524.55746031746,3976175.4000000004,3976321.4,,,8192,,17.012753179560878,17.01213965517298,17.012764304110185,0,0.0,1,bf14b28d2af4128daa99f23eec8a5e105636d0b04136f8be580fdc39d6f1f97d,fixed active warp count; UTCHMMA=21;UTCHMMA_WS=16;UTCBAR=1;UTCATOMSWS=3;SYNCS_TRYWAIT=8;LDS=21;LDG=9;ptx_tcgen05_mma=21;ptx_tcgen05_mma_ws=16;ptx_tcgen05_commit=1;ptx_tcgen05_alloc=1;ptx_tcgen05_dealloc=1;ptx_tcgen05_ld=5;ptx_tcgen05_st=5;ptx_mbarrier_wait=5;ptx_cp_async_tma=2;ptx_ld_shared=26;ptx_ld_global=7
