precision,shape,serial_a1_tflops,serial_a1_cycles_per_tile,overlap_a2_tflops,overlap_a2_cycles_per_tile,overlap_gain,warp_split_a2_tflops,warp_split_a2_cycles_per_tile,warp_split_gain
FP4,M128N256,214.21,30.839,331.938,19.901,1.55,300.601,21.976,1.403
FP4,M128N128,124.931,26.439,213.083,15.501,1.706,150.301,21.976,1.203
FP4,M128N64,62.466,26.439,106.542,15.501,1.706,75.15,21.976,1.203
FP8,M128N256,107.105,30.839,165.969,19.901,1.55,150.045,22.014,1.401
FP8,M128N128,62.466,26.439,106.542,15.501,1.706,75.022,22.014,1.201
FP8,M128N64,31.233,26.439,53.271,15.501,1.706,37.511,22.014,1.201
BF16,M128N256,53.552,30.839,82.985,19.901,1.55,75.022,22.014,1.401
BF16,M128N128,31.233,26.439,53.271,15.501,1.706,37.511,22.014,1.201
BF16,M128N64,15.616,26.439,26.635,15.501,1.706,18.756,22.014,1.201
