mode,requested_bytes,elapsed_cycles,bytes_per_cycle,per_active_block_bytes_per_cycle,sm_count,active_blocks,clusters,cluster_size,resident_cluster_limit,cuda_max_active_clusters,threads,iters,unroll,shared_bytes,working_set_elements,index_stride_elements,stream_period_iters,occupancy_limited
local-read,268435456,1118392,240.019113,120.009557,20,2,1,2,10,40,256,4096,8,32768,2048,2049,2048,0
local-read,268435456,1118392,240.019113,120.009557,20,2,1,2,10,40,256,4096,8,32768,2048,2049,2048,0
local-read,268435456,1118392,240.019113,120.009557,20,2,1,2,10,40,256,4096,8,32768,2048,2049,2048,0
local-write,268435456,1235129,217.333943,108.666972,20,2,1,2,10,50,256,4096,8,32768,2048,2049,2048,0
local-write,268435456,1235129,217.333943,108.666972,20,2,1,2,10,50,256,4096,8,32768,2048,2049,2048,0
local-write,268435456,1235129,217.333943,108.666972,20,2,1,2,10,50,256,4096,8,32768,2048,2049,2048,0
remote-read,268435456,11223108,23.918103,11.959052,20,2,1,2,10,40,256,4096,8,32768,2048,2049,2048,0
remote-read,268435456,11223108,23.918103,11.959052,20,2,1,2,10,40,256,4096,8,32768,2048,2049,2048,0
remote-read,268435456,11223108,23.918103,11.959052,20,2,1,2,10,40,256,4096,8,32768,2048,2049,2048,0
remote-write,268435456,9481450,28.311646,14.155823,20,2,1,2,10,40,256,4096,8,32768,2048,2049,2048,0
remote-write,268435456,9481450,28.311646,14.155823,20,2,1,2,10,40,256,4096,8,32768,2048,2049,2048,0
remote-write,268435456,9481450,28.311646,14.155823,20,2,1,2,10,40,256,4096,8,32768,2048,2049,2048,0
local-read,536870912,1118392,480.038226,120.009557,20,4,2,2,10,40,256,4096,8,32768,2048,2049,2048,0
local-read,536870912,1118392,480.038226,120.009557,20,4,2,2,10,40,256,4096,8,32768,2048,2049,2048,0
local-read,536870912,1118392,480.038226,120.009557,20,4,2,2,10,40,256,4096,8,32768,2048,2049,2048,0
local-write,536870912,1235129,434.667887,108.666972,20,4,2,2,10,50,256,4096,8,32768,2048,2049,2048,0
local-write,536870912,1235129,434.667887,108.666972,20,4,2,2,10,50,256,4096,8,32768,2048,2049,2048,0
local-write,536870912,1235129,434.667887,108.666972,20,4,2,2,10,50,256,4096,8,32768,2048,2049,2048,0
remote-read,536870912,11223108,47.836207,11.959052,20,4,2,2,10,40,256,4096,8,32768,2048,2049,2048,0
remote-read,536870912,11223108,47.836207,11.959052,20,4,2,2,10,40,256,4096,8,32768,2048,2049,2048,0
remote-read,536870912,11223108,47.836207,11.959052,20,4,2,2,10,40,256,4096,8,32768,2048,2049,2048,0
remote-write,536870912,9481450,56.623292,14.155823,20,4,2,2,10,40,256,4096,8,32768,2048,2049,2048,0
remote-write,536870912,9481450,56.623292,14.155823,20,4,2,2,10,40,256,4096,8,32768,2048,2049,2048,0
remote-write,536870912,9481450,56.623292,14.155823,20,4,2,2,10,40,256,4096,8,32768,2048,2049,2048,0
local-read,1073741824,1118392,960.076453,120.009557,20,8,4,2,10,40,256,4096,8,32768,2048,2049,2048,0
local-read,1073741824,1118392,960.076453,120.009557,20,8,4,2,10,40,256,4096,8,32768,2048,2049,2048,0
local-read,1073741824,1118392,960.076453,120.009557,20,8,4,2,10,40,256,4096,8,32768,2048,2049,2048,0
local-write,1073741824,1235129,869.335773,108.666972,20,8,4,2,10,50,256,4096,8,32768,2048,2049,2048,0
local-write,1073741824,1235129,869.335773,108.666972,20,8,4,2,10,50,256,4096,8,32768,2048,2049,2048,0
local-write,1073741824,1235129,869.335773,108.666972,20,8,4,2,10,50,256,4096,8,32768,2048,2049,2048,0
remote-read,1073741824,11223108,95.672413,11.959052,20,8,4,2,10,40,256,4096,8,32768,2048,2049,2048,0
remote-read,1073741824,11223108,95.672413,11.959052,20,8,4,2,10,40,256,4096,8,32768,2048,2049,2048,0
remote-read,1073741824,11223108,95.672413,11.959052,20,8,4,2,10,40,256,4096,8,32768,2048,2049,2048,0
remote-write,1073741824,9481451,113.246572,14.155822,20,8,4,2,10,40,256,4096,8,32768,2048,2049,2048,0
remote-write,1073741824,9481451,113.246572,14.155822,20,8,4,2,10,40,256,4096,8,32768,2048,2049,2048,0
remote-write,1073741824,9481451,113.246572,14.155822,20,8,4,2,10,40,256,4096,8,32768,2048,2049,2048,0
local-read,2147483648,1118392,1920.152905,120.009557,20,16,8,2,10,40,256,4096,8,32768,2048,2049,2048,0
local-read,2147483648,1118392,1920.152905,120.009557,20,16,8,2,10,40,256,4096,8,32768,2048,2049,2048,0
local-read,2147483648,1118392,1920.152905,120.009557,20,16,8,2,10,40,256,4096,8,32768,2048,2049,2048,0
local-write,2147483648,1235129,1738.671546,108.666972,20,16,8,2,10,50,256,4096,8,32768,2048,2049,2048,0
local-write,2147483648,1235129,1738.671546,108.666972,20,16,8,2,10,50,256,4096,8,32768,2048,2049,2048,0
local-write,2147483648,1235129,1738.671546,108.666972,20,16,8,2,10,50,256,4096,8,32768,2048,2049,2048,0
remote-read,2147483648,11223108,191.344826,11.959052,20,16,8,2,10,40,256,4096,8,32768,2048,2049,2048,0
remote-read,2147483648,11223108,191.344826,11.959052,20,16,8,2,10,40,256,4096,8,32768,2048,2049,2048,0
remote-read,2147483648,11223108,191.344826,11.959052,20,16,8,2,10,40,256,4096,8,32768,2048,2049,2048,0
remote-write,2147483648,9481451,226.493144,14.155822,20,16,8,2,10,40,256,4096,8,32768,2048,2049,2048,0
remote-write,2147483648,9481451,226.493144,14.155822,20,16,8,2,10,40,256,4096,8,32768,2048,2049,2048,0
remote-write,2147483648,9481451,226.493144,14.155822,20,16,8,2,10,40,256,4096,8,32768,2048,2049,2048,0
local-read,2684354560,1118392,2400.191132,120.009557,20,20,10,2,10,40,256,4096,8,32768,2048,2049,2048,0
local-read,2684354560,1118392,2400.191132,120.009557,20,20,10,2,10,40,256,4096,8,32768,2048,2049,2048,0
local-read,2684354560,1118392,2400.191132,120.009557,20,20,10,2,10,40,256,4096,8,32768,2048,2049,2048,0
local-write,2684354560,1235129,2173.339433,108.666972,20,20,10,2,10,50,256,4096,8,32768,2048,2049,2048,0
local-write,2684354560,1235129,2173.339433,108.666972,20,20,10,2,10,50,256,4096,8,32768,2048,2049,2048,0
local-write,2684354560,1235129,2173.339433,108.666972,20,20,10,2,10,50,256,4096,8,32768,2048,2049,2048,0
remote-read,2684354560,11223108,239.181033,11.959052,20,20,10,2,10,40,256,4096,8,32768,2048,2049,2048,0
remote-read,2684354560,11223108,239.181033,11.959052,20,20,10,2,10,40,256,4096,8,32768,2048,2049,2048,0
remote-read,2684354560,11223108,239.181033,11.959052,20,20,10,2,10,40,256,4096,8,32768,2048,2049,2048,0
remote-write,2684354560,9481451,283.116430,14.155822,20,20,10,2,10,40,256,4096,8,32768,2048,2049,2048,0
remote-write,2684354560,9481451,283.116430,14.155822,20,20,10,2,10,40,256,4096,8,32768,2048,2049,2048,0
remote-write,2684354560,9481451,283.116430,14.155822,20,20,10,2,10,40,256,4096,8,32768,2048,2049,2048,0
